{"budgets":[0.02,0.0214453,0.0229951,0.0246569,0.0264388,0.0283495,0.0303982,0.032595,0.0349506,0.0374763,0.0401847,0.0430887,0.0462026,0.0495415,0.0531218,0.0569607,0.0610771,0.065491,0.0702238,0.0752987,0.0807403,0.0865752,0.0928318,0.0995405,0.106734,0.114447,0.122718,0.131587,0.141096,0.151293,0.162226,0.17395,0.186521,0.2,0.214453,0.229951,0.246569,0.264388,0.283495,0.303982,0.32595,0.349506,0.374763,0.401847,0.430887,0.462026,0.495415,0.531218,0.569607,0.610771,0.65491,0.702238,0.752987,0.807403,0.865752,0.928318,0.995405,1.06734,1.14447,1.22718,1.31587,1.41096,1.51293,1.62226,1.7395,1.86521,2.0,2.14453,2.29951,2.46569,2.64388,2.83495,3.03982,3.2595,3.49506,3.74763,4.01847,4.30887,4.62026,4.95415,5.31218,5.69607,6.10771,6.5491,7.02238,7.52987,8.07403,8.65752,9.28318,9.95405,10.6734,11.4447,12.2718,13.1587,14.1096,15.1293,16.2226,17.395,18.6521,20.0],"deadlines":[30,32,34,35,37,40,42,44,47,49,52,55,58,62,65,69,73,77,81,86,91,96,101,107,113,120,127,134,141,149,158,167,176,186,197,208,220,233,246,260,275,290,307,324,343,362,383,405,428,452,478,505,534,564,596,630,666,704,744,786,831,878,928,981,1037,1096,1159,1225,1294,1368,1446,1528,1615,1707,1804,1907,2015,2130,2251,2379,2515,2658,2809,2969,3138,3317,3506,3705,3916,4139,4375,4624,4887,5165,5459,5770,6098,6445,6812,7200]}